time,MLII,V1,V2
0.0,-0.1302343703830679,0.4293125036738265,0.4725470126040536
0.004,-0.04191515999755055,0.42166466170862393,0.4618477297597216
0.008,0.0017492832836948705,0.4598995498352449,0.4340320009288504
0.012,0.08787618389495078,0.5202021193014369,0.45758567581643655
0.016,-0.05960004551207908,0.39429406027912883,0.4506136709765666
0.02,0.048369765638577304,0.5095191775403893,0.33765199327873485
0.024,0.022558921464860215,0.5042760386741129,0.533276140776756
0.028,0.1306847063496839,0.5104120230259442,0.4700837274931651
0.032,0.21857353571523075,0.5332636538950636,0.3718261318738345
0.036,0.02450868678774118,0.510972977788509,0.4877167278238058
0.04,0.19801865295939788,0.5010922108650374,0.38439645969214686
0.044,0.19609364940758875,0.47217644134782644,0.33173690155251306
0.048,0.2104804731285066,0.4334831806981756,0.3561325919756055
0.052,0.12719923886333998,0.45477381097527264,0.39281888259832143
0.056,0.08370671535145531,0.5448420518344465,0.33605605190232163
0.06,0.2409563820577982,0.5304308917927019,0.3723235722324648
0.064,0.14038840658922896,0.45074200217688604,0.30049202644898837
0.068,0.25759122218879327,0.3680799539009976,0.37414893540922245
0.072,0.2903536698292446,0.5616841412912031,0.363365374038936
0.076,0.1699704222223444,0.5782798911254223,0.3736224592364351
0.08,0.28505271765113743,0.5109996238479511,0.226194300485098
0.084,0.3060211602161955,0.4992618640975819,0.2923633989436728
0.088,0.2357504195422473,0.4927442737682956,0.2964270599924177
0.092,0.2648716093011984,0.5073741795271195,0.3439262812307511
0.096,0.2109589621478934,0.5569237310989263,0.27048956863210016
0.1,0.25084187813523123,0.4809857858870626,0.2517874816600862
0.104,0.2971302737787085,0.49778974104243034,0.21750622342462425
0.108,0.2758748060599544,0.5259267422753756,0.13135130792323768
0.112,0.3823801130576342,0.4763002394322216,0.207770448973363
0.116,0.3482513682590103,0.5126013735499564,0.2668561311678887
0.12,0.27287760500076325,0.36565448711378445,0.18060374022544115
0.124,0.39234400994024443,0.470434997160406,0.1961327015768049
0.128,0.44812005728214266,0.3908206644767348,0.15454859309089902
0.132,0.42506850818956765,0.45520260132121276,0.11868746279502658
0.136,0.3226631259842396,0.5567921609491591,0.18391582149389973
0.14,0.43547511230992975,0.5099079186031253,0.1325477801543186
0.144,0.3715107333493405,0.4511633701425918,0.12370749708033457
0.148,0.4738476110825985,0.5211751429018858,0.10996518353136367
0.152,0.3472168239368088,0.4390561255978116,0.07196950618366435
0.156,0.4598514671353221,0.38200722536033227,0.03299484379853988
0.16,0.41903031518977346,0.43432885396993265,0.06002792847474453
0.164,0.4397517348899375,0.49124781047486016,0.07943848772515615
0.168,0.5429821961738747,0.5045844238066228,0.06207868407326819
0.172,0.44109559043434404,0.4553396212894773,0.031930626973556496
0.176,0.5376369008968486,0.4701546853424219,-0.015779404448900233
0.18,0.43253910268679796,0.3974411784248748,-0.054392043177951974
0.184,0.430466178903872,0.3389482565090341,-0.03251498973437318
0.188,0.4020066803176424,0.4351357817757958,0.0028315872063082066
0.192,0.46692960567049213,0.3046049959070217,-0.2207609684282385
0.196,0.4944254789602181,0.4770471147865081,-0.08714974008767368
0.2,0.5406515537125111,0.3327349373534344,-0.055916357935403484
0.204,0.4395578415101075,0.40580035053357205,-0.1368490467509152
0.208,0.44935732793083827,0.375014033113442,-0.15664077627897482
0.212,0.45650401057830187,0.39521802286968855,-0.12781307804975428
0.216,0.43938766284374176,0.4417923924529713,-0.081858564822079
0.22,0.45386242577899033,0.39245117693321196,-0.11854504709812795
0.224,0.4960336322065549,0.3812433954583886,-0.11987981468346912
0.228,0.4098866357901138,0.3528838601204302,-0.15845664830905645
0.232,0.5424234305819319,0.3434338771885103,-0.15268353867378417
0.236,0.4590099587114963,0.3072241753165432,-0.13376913586717576
0.24,0.4549601550314159,0.27734398716305775,-0.23369068571162477
0.244,0.45840596638578124,0.27522897412056513,-0.2494602016534591
0.248,0.5484873305629296,0.24825855332797206,-0.13467812690068148
0.252,0.43340181348777285,0.348538621175635,-0.24280197166252465
0.256,0.5774112657779924,0.3239323955261723,-0.17177240115750209
0.26,0.5306805329490756,0.14184351485344399,-0.16242272044285028
0.264,0.5266048662393006,0.17566902204066412,-0.24472401807195027
0.268,0.5211355870151761,0.24723479303781584,-0.21779245685541554
0.272,0.4823574184246065,0.20504286153043952,-0.28905467563051157
0.276,0.49616322884502884,0.27529613459159663,-0.3051962656889481
0.28,0.4019656037515847,0.21485431696497465,-0.2694479445096463
0.284,0.5509420370210255,0.25893143712972844,-0.28989936607747346
0.288,0.4587315860102794,0.10175033776975109,-0.3168616693519602
0.292,0.44197279379401,0.06898298701412411,-0.28967666312122053
0.296,0.4281679297421117,0.09234345082549525,-0.26275019946183265
0.3,0.4794915453120207,0.20305659845139104,-0.25809725773429587
0.304,0.4880490542515441,0.09911580441251772,-0.45624892570477005
0.308,0.46608180393341714,0.06285996173254783,-0.393554272646949
0.312,0.46006874832234346,0.060484665970197596,-0.34201294014375844
0.316,0.5531507535444292,0.11334290543095349,-0.30235434675982564
0.32,0.5196904681147917,0.09601177664456556,-0.40626120090201023
0.324,0.45786401045035624,0.09295256485951837,-0.3651025058511757
0.328,0.48156205442702993,0.013584861933372216,-0.3925136689119275
0.332,0.3303523534973842,0.01561897973203576,-0.46577089948613304
0.336,0.4658160405495067,0.01824396576212152,-0.3665239212816015
0.34,0.31713223986159433,-0.009947230389571304,-0.40931850114248525
0.344,0.5006610028946175,0.034698754119870986,-0.38235897364297095
0.348,0.49926563250494227,-0.03618010088309104,-0.48647901063291116
0.352,0.3787641704608088,-0.016846576338048216,-0.46651170313182405
0.356,0.3774479409259522,-0.07561350885906679,-0.465555435019669
0.36,0.34181331322954345,-0.03153489493491608,-0.5403237554523213
0.364,0.36149469176300664,-0.044299536748569165,-0.3667939707965448
0.368,0.353796051643309,-0.057736939034392254,-0.5193005922343992
0.372,0.28127768699959654,-0.07663229184384082,-0.37331418575254904
0.376,0.35412429263531786,-0.04453782607417531,-0.5153513818078715
0.38,0.341066501748288,-0.18518139511199294,-0.4422640374323865
0.384,0.3968978932214459,-0.0728618983930788,-0.45241932996638934
0.388,0.2975446707025821,-0.18826436162331753,-0.5461672198584312
0.392,0.20435273761358533,-0.10649795596856165,-0.4605916728091055
0.396,0.24643164497759512,-0.1646386922227984,-0.4766558710601757
0.4,0.27419779526551225,-0.17372605387851284,-0.5480509817326011
0.404,0.26607941219267667,-0.17510323480474055,-0.5305178145755078
0.408,0.24218081923319057,-0.20606934662558635,-0.5660245911456814
0.412,0.29701913866851765,-0.1327168858509705,-0.49923215313744085
0.416,0.2457294958211994,-0.2889079493991239,-0.5450226811188765
0.42,0.30980299640708353,-0.30537983353120857,-0.5116801424681099
0.424,0.17512751319136546,-0.22656867461740984,-0.5080190532709568
0.428,0.18110866920104313,-0.1577201780736996,-0.4455842570982967
0.432,0.25215690009351555,-0.20980788062936362,-0.5086549681404614
0.436,0.23845997947310743,-0.26882276064870614,-0.49077653741001714
0.44,0.1344448758732131,-0.2684590166127626,-0.4555666795356541
0.444,0.18502673688390228,-0.3221338618780001,-0.47529855994598547
0.448,0.16610038101890057,-0.4078329912981318,-0.460026901820681
0.452,0.0793862827072661,-0.2141253357969516,-0.5064398241724737
0.456,0.15846094322476312,-0.28285581444283875,-0.47379629574244714
0.46,0.08468936117543646,-0.38410434137712823,-0.5005024007918312
0.464,0.09114968675330734,-0.2356978891376646,-0.3884220606654176
0.468,0.14169319175066833,-0.3098018855100039,-0.5360164733950574
0.472,0.0804871877884274,-0.3988470723763833,-0.48532564242086185
0.476,0.06691865718610107,-0.33631757240373494,-0.41163724281788483
0.48,0.08764457641289683,-0.3082753054244143,-0.483850253350648
0.484,0.09440547320648882,-0.3725420260325072,-0.39620351937628867
0.488,0.06005440545719451,-0.44259778225175994,-0.3752349001393619
0.492,0.06464575378939723,-0.4168346785376416,-0.4986196210747735
0.496,0.01499852956272193,-0.463030141681289,-0.5063836919311976
0.5,-0.023606489919876815,-0.41563889878344895,-0.6106936683799505
0.504,-0.002753220841710851,-0.48713408459173513,-0.42381581086799575
0.508,-0.08308081698431882,-0.4530214694848134,-0.42677129261277585
0.512,0.0531607638158605,-0.35207317164387975,-0.4607902066948986
0.516,0.00890389899589774,-0.3764938896799228,-0.4119868232700185
0.52,-0.011992145189558212,-0.44063302176581803,-0.35412515168701675
0.524,-0.15267299985108185,-0.4217237241420717,-0.44701530040446424
0.528,-0.11779910274285613,-0.4823358313354036,-0.4315754259627728
0.532,-0.14525909825099123,-0.504368339416653,-0.48847574377262554
0.536,-0.1311519567452556,-0.4875871555878224,-0.4911285551019771
0.54,-0.12778294200548623,-0.4938643249597735,-0.35780534348636817
0.544,-0.06407338770617894,-0.4412906967747527,-0.41763226500362505
0.548,-0.0634213025929908,-0.45533153314778413,-0.38216287542848676
0.552,-0.18001596050626484,-0.4326997086952711,-0.3353908017019917
0.556,-0.05862900885392115,-0.4373447882431718,-0.3955057341433594
0.56,-0.25884557296832905,-0.5652475949953186,-0.3865143867053861
0.564,-0.21718382925202617,-0.5320329746119211,-0.3862652128742023
0.568,-0.13352955088502066,-0.4555710903293644,-0.30844425804892
0.572,-0.1331784105992578,-0.46718084652733144,-0.30851563882966543
0.576,-0.2314368786379383,-0.4723044059633835,-0.3304196839408384
0.58,-0.2896643439220463,-0.4790855252137891,-0.2005726422679377
0.584,-0.3009981654021529,-0.5748597476640624,-0.3387270357811769
0.588,-0.32133499044722585,-0.591971795660357,-0.2786544233984972
0.592,-0.23572950027719738,-0.5533525489951037,-0.27609661039958905
0.596,-0.38321283837367914,-0.47997276053912424,-0.23438126826198774
0.6,-0.29195802901881024,-0.5288092708669749,-0.32616529177686593
0.604,-0.30491261053207014,-0.4946427474801456,-0.18796170217174663
0.608,-0.3757264694125955,-0.49436151620383934,-0.244885840735712
0.612,-0.3464573440534852,-0.4891496319242739,-0.19816164732479072
0.616,-0.3496792420587527,-0.568181465129731,-0.14100317930320544
0.62,-0.3467130914013141,-0.45455897023458436,-0.179296446778346
0.624,-0.24454396610766344,-0.5754001904156318,-0.14375003813663806
0.628,-0.3370937163072278,-0.45781496784305103,-0.167547106580562
0.632,-0.3541780865735626,-0.4737618784006902,-0.1675322025349974
0.636,-0.3767465993468988,-0.4799312329078445,-0.14205759978839352
0.64,-0.3644539525732419,-0.42507269567862577,-0.09979255506168572
0.644,-0.44998650864618417,-0.48611626882061226,-0.08050505779855704
0.648,-0.4154422308319529,-0.5031631847237256,-0.09737539490275521
0.652,-0.4810990829646702,-0.4482788075779428,-0.06532739678678175
0.656,-0.44595274829068593,-0.5561807819092265,-0.12670422745552437
0.66,-0.45344568686774195,-0.51729186189345,-0.0689651832116288
0.664,-0.40224849024732107,-0.4817206204881535,-0.02400554266894442
0.668,-0.373078699428401,-0.42574683919674394,-0.05680545721085653
0.672,-0.47950120518241707,-0.387685195577009,-0.10093352234886777
0.676,-0.4752229071388058,-0.45626627105593837,0.10750903501080454
0.68,-0.4711337579075599,-0.44963146044909263,-0.05341899373636654
0.684,-0.45390413274385755,-0.4390544012086712,0.009277771095236304
0.688,-0.49366785020216625,-0.4408019690594883,-0.06007186731169849
0.692,-0.49990904481071846,-0.43581867610358427,0.05698166284842947
0.696,-0.45130995596942075,-0.36819089816141387,-0.06815916802188862
0.7,-0.4968169600292495,-0.43122387763339215,0.0760830787309859
0.704,-0.4238325352514726,-0.3952415653790964,0.15087714437669938
0.708,-0.47232802875811436,-0.47150619445723907,0.05124388032676164
0.712,-0.43054447424627423,-0.3583176420815076,0.03312247887990935
0.716,-0.403551726273754,-0.3966380342142306,0.18406661033627056
0.72,-0.4503945418511259,-0.3909603813848993,0.12066452203844917
0.724,-0.5518131499375234,-0.4140364527059786,0.108030306068439
0.728,-0.4693763824609177,-0.32183047471133264,0.18960177900656072
0.732,-0.5038528471272598,-0.3287542004021003,0.09123064984823277
0.736,-0.5812780835232016,-0.25925564249145583,0.1025263110501441
0.74,-0.47373363146852,-0.3296948950161204,0.06325217183407249
0.744,-0.47175701503401035,-0.3655537388284923,0.20453239241628854
0.748,-0.54021883610955,-0.29964875105162797,0.14522302004773546
0.752,-0.4991409445615994,-0.28644494410818805,0.17574095888053898
0.756,-0.4593821749773091,-0.1844220110034398,0.15837072785565048
0.76,-0.3966481209742878,-0.26288797491923066,0.24437389948838983
0.764,-0.4304740920168367,-0.3246713422928615,0.19416456394370488
0.768,-0.49975789039941126,-0.22414968605672358,0.24392727645007822
0.772,-0.4762653931637399,-0.1928923992373846,0.21479752203449776
0.776,-0.4792806184882476,-0.18408371955193686,0.2979342423756593
0.78,-0.543385755429637,-0.11918114129033923,0.1876753692651331
0.784,-0.36690258787968244,-0.2195188696325195,0.2615369827651499
0.788,-0.4945697982943493,-0.08238567093847318,0.33316111444869817
0.792,-0.47787787404567633,-0.11815613371654965,0.32033624667653426
0.796,-0.4224992285099062,-0.13530373063112705,0.31582126315094194
0.8,-0.46846260982221744,-0.15828051093737627,0.2973556732559703
0.804,-0.4705116325694944,-0.17369683870110605,0.26742246828995725
0.808,-0.5188962231739082,-0.12012151202557289,0.3814747897117822
0.812,-0.5100863282155558,-0.15845655723540286,0.35130725726187395
0.816,-0.483902626634406,-0.16427938331993994,0.37166314038782844
0.82,-0.4376875937069804,-0.17376778169585733,0.4198019748758582
0.824,-0.4142132635155227,-0.08594981676118989,0.33511398781847296
0.828,-0.4395284443950989,-0.04424274817325199,0.39277485383076505
0.832,-0.47076938895704445,-0.025713247770761852,0.4427047947615033
0.836,-0.4403103215348495,0.030588839814470258,0.44939397214478777
0.84,-0.4598474960512463,-0.01782460111466691,0.33613994719160206
0.844,-0.3808821396608138,-0.012739879935030826,0.4437538299980983
0.848,-0.4351542281651177,0.0025359981718915715,0.33740009388087855
0.852,-0.4052596979350091,0.021796371304823894,0.4968438970444445
0.856,-0.3344357924542576,0.002421455293964647,0.41062058313242816
0.86,-0.39960599583686013,0.04425700468407362,0.42557843335590906
0.864,-0.4407554486060094,0.021632239427778338,0.49091061775921885
0.868,-0.4408008599583442,0.15479641929628252,0.4006464271096355
0.872,-0.25569559673963926,0.06330549346038603,0.5131669589961282
0.876,-0.27567226480817014,0.07984218019641351,0.3789487828787065
0.88,-0.37028294428452824,0.13222563303345278,0.4602017117355086
0.884,-0.3632220557988723,0.14216045235308186,0.42777961407811604
0.888,-0.29048480133820836,0.15303136920601887,0.5471617964408879
0.892,-0.34296287982444584,0.1576333427651617,0.5266945877449376
0.896,-0.24475851843372778,0.1566176672008408,0.5265940274821911
0.9,-0.31183373647665635,0.1794336437382186,0.5355678838773663
0.904,-0.3618397860371386,0.13683573619818828,0.5932050878439776
0.908,-0.2867093101271949,0.2045542558507145,0.4246666684690993
0.912,-0.26744712985861296,0.24289057586441196,0.5071296222345125
0.916,-0.18859661268759814,0.15559655586856408,0.5254368056297366
0.92,-0.25281429081417683,0.26609283124423116,0.46452463671054917
0.924,-0.21986777058379975,0.2768761157914941,0.4530692351577695
0.928,-0.24053829687989975,0.21104994850679024,0.5301556161814196
0.932,-0.20539837834947702,0.17979203290940315,0.47115863321529766
0.936,-0.1740160859734352,0.2122020888015525,0.55170504152377
0.94,-0.13709930714619228,0.25416749695792984,0.46069036819750553
0.944,-0.16784543197617693,0.28999283631993267,0.5064676006221766
0.948,-0.1435974749111459,0.3322494022418707,0.4959693840171623
0.952,-0.08920329602067673,0.3391572706212076,0.5144435277617949
0.956,-0.19580438543049064,0.249473252429893,0.4350164610519731
0.96,-0.10580981656443904,0.3651439019524491,0.4926737698018173
0.964,-0.06102881314595575,0.3937948956096141,0.4624847758137702
0.968,-0.10795450129877135,0.2692333513737747,0.4013706688629165
0.972,-0.11128340346346355,0.4377736677029978,0.3935606348168824
0.976,-0.10471302573459218,0.38148978423933333,0.4512064994163029
0.98,-0.07458539121699827,0.3884586588146716,0.5574958238330331
0.984,-0.047522836953336145,0.39944883230528916,0.5697259912218978
0.988,-0.06273151458617007,0.36475366330316705,0.4482645165075515
0.992,-0.04322011106855922,0.4366025714010726,0.42269051915255396
0.996,-0.02704924006030506,0.42191218721741486,0.482475837383757
1.0,-0.032672035403381545,0.3394689639064426,0.5229944553725996
1.004,-0.07228149224863739,0.4399270179202464,0.45427218195124275
1.008,0.006131491336281932,0.4016346537600081,0.5109299336953805
1.012,0.030494005401326015,0.4384038722998598,0.4685147512444989
1.016,-0.00014556870041560616,0.5208940678531792,0.5050359026600723
1.02,0.05943970631732344,0.4748176768295721,0.4192475330115986
1.024,-0.030576462536256177,0.4830757638091408,0.39717228231172125
1.028,0.04516798964040448,0.4700108402617408,0.43752352472758227
1.032,0.017994003706783335,0.5026063200675045,0.4003018737302603
1.036,0.06455773799404782,0.4541750260625611,0.2916763583135765
1.04,0.057566591221408336,0.5083714427938152,0.4022694988358203
1.044,0.0963063800654512,0.430966242894781,0.41276110639087926
1.048,0.2010539618855124,0.46332028396023556,0.3037765946072206
1.052,0.1877848320852564,0.42285220098801496,0.3316263983834716
1.056,0.2881262346479735,0.5043996935365577,0.43937672202633726
1.06,0.1712305464545648,0.5228211873144759,0.33773213029969956
1.064,0.20056233943536797,0.513281800811514,0.3480672991593325
1.068,0.1404375530154786,0.5165008864614941,0.3218904584407993
1.072,0.25950608981617923,0.46491024788714863,0.32728261864700875
1.076,0.2665788049604638,0.48841075854420196,0.29578840439894266
1.08,0.21799511887441492,0.5287110771955389,0.4212542077183608
1.084,0.37788753644925355,0.4366226041113243,0.24097489577445783
1.088,0.31138488395410896,0.4758457626840021,0.16155350434795793
1.092,0.23480075123896918,0.5675985835208787,0.15304412060238398
1.096,0.3006832010533467,0.6051252306448808,0.24588837143213357
1.1,0.35732605564118636,0.5598255272918562,0.18375657629983752
1.104,0.3532854422540206,0.5015126768059472,0.16140321004009311
1.108,0.2515441614563524,0.42749123361729136,0.2196870110590831
1.112,0.35341807047750073,0.5415570785747544,0.12327950434941098
1.116,0.2742243153689146,0.4928279875840492,0.2334966041090631
1.12,0.253693722464702,0.537163392213958,0.13723421903144928
1.124,0.21157234106575004,0.43489080063269814,0.22629467833251957
1.128,0.2538961356927038,0.4898048162939667,0.1247940634777378
1.132,0.333293442373656,0.42936983618856944,0.19760643918094184
1.136,0.45228391676178803,0.38769565888461766,0.15017992056953758
1.14,0.43230417031717405,0.5747483996979965,0.13707416491496527
1.144,0.43644646769885537,0.3993906622571725,0.05529201106641212
1.148,0.454046818777437,0.3985893250978797,0.1207526078952699
1.152,0.4636521382142381,0.443172565242797,0.11350180366576407
1.156,0.4288308670154254,0.37537427351876573,0.04492297539519919
1.16,0.36480852413903825,0.48102536983659755,0.1304618884890451
1.164,0.3636512442317545,0.3895100759396514,0.11306459343394624
1.168,0.40090268225974934,0.35965384508691656,0.057989024130286566
1.172,0.42633107754365307,0.5438758734733788,0.055998953801702236
1.176,0.47408848792065555,0.47937411014098885,0.11018761939505053
1.18,0.4612337209569372,0.47140258192253826,0.03513994222525236
1.184,0.4285293333545194,0.4940655753049553,0.06759867154173826
1.188,0.4282444049181379,0.4868735768820401,0.014185296747942965
1.192,0.4045397660170911,0.333435835724305,-0.03537221781723576
1.196,0.45352110787144073,0.38250714929253343,-0.07474495164071063
1.2,0.4928532486473769,0.39857709388699936,-0.1048414303376471
1.204,0.4289429477907041,0.3535093199014879,-0.06960395586258254
1.208,0.48866134560318125,0.4226226971937272,-0.1269534300587182
1.212,0.5414251030996744,0.4682473266533329,-0.03685573293911762
1.216,0.4344187102434933,0.3683252839879346,-0.0282802767829127
1.22,0.4632120001507236,0.32007085297178234,-0.1071517032942685
1.224,0.5196451371355436,0.39084898382153266,-0.1493984647843149
1.228,0.44177998425831705,0.2195906675715807,-0.15229848419084496
1.232,0.54675515021295,0.26478892238466384,-0.15007210382169703
1.236,0.5034268185917888,0.2873149087120678,-0.23844989089458285
1.24,0.4457518606882306,0.36472614762867067,-0.25201563680199773
1.244,0.5248067947229503,0.2969669422323061,-0.17578133176065397
1.248,0.544109512906073,0.2533196025785627,-0.1814176756902421
1.252,0.4313057897218852,0.15861758197128512,-0.15475649456120286
1.256,0.426604621862848,0.26160485103783687,-0.17981823401581426
1.26,0.48829405772838136,0.3341888408328957,-0.2750985220476011
1.264,0.4140437187666426,0.2758903604195044,-0.24800750143768216
1.268,0.6113202839862272,0.16343495185530527,-0.19942030932058927
1.272,0.43017333440575206,0.21173215289212483,-0.20160938293595154
1.276,0.48314079058312165,0.07309405011259482,-0.21080371723751948
1.28,0.4623905065295948,0.17830828155060252,-0.29947479439068286
1.284,0.44233315883577967,0.12020079509916426,-0.20648119335204174
1.288,0.5021284581519196,0.205957333911327,-0.27992811995242106
1.292,0.5624368108237497,0.1735167065638667,-0.2709429623069087
1.296,0.43812100694163875,0.10630476532170277,-0.3865837179455649
1.3,0.4869813863668292,0.075778509652371,-0.3511926432852711
1.304,0.35579897723103343,0.10752706824633838,-0.3459107130662122
1.308,0.4052326410255757,0.03533371035059053,-0.34763594709199797
1.312,0.4462678349151825,0.09091437577386517,-0.36679575209267007
1.316,0.47209298321935883,0.09909290237531541,-0.38342287472871367
1.32,0.47553139019544466,0.13446059640046382,-0.3550187764670403
1.324,0.3765515874210986,-0.0002635597257103009,-0.44765000091067236
1.328,0.441559169868649,0.021572983075727074,-0.3830738380299264
1.332,0.38561691403642945,-0.0847951944567876,-0.3828445251900431
1.336,0.37112372339905103,-0.02471268561508207,-0.4762632601324357
1.34,0.29031812439077087,-0.0398740340253901,-0.4467028433058312
1.344,0.29732510850315497,-0.12153046287059957,-0.4636026463149684
1.348,0.4120545358602547,0.03914546197083074,-0.5013943720985228
1.352,0.46782358101129606,-0.08118081452011106,-0.3940667572323914
1.356,0.4322781602346617,0.023411782362345257,-0.41713971696640145
1.36,0.3803866838622557,-0.049002883321557986,-0.48278243966651174
1.364,0.35439938005113614,-0.1721555377670223,-0.4451412010182334
1.368,0.25582813919298547,-0.1135388161743489,-0.35910967918282083
1.372,0.22655644922349835,-0.09677241023466596,-0.4978160452069677
1.376,0.4424637280372127,-0.06778508865464128,-0.4597576660995122
1.38,0.3912967910715952,-0.01677390883256938,-0.5082924507082854
1.384,0.3744023142902966,-0.12205106990068823,-0.5287103843303745
1.388,0.21618192935315034,-0.1833469087831091,-0.5118096194436266
1.392,0.3528164883811156,-0.1559004787832794,-0.5434079083602265
1.396,0.2924890955599084,-0.1872092038539087,-0.4561958576022991
1.4,0.2718882324208717,-0.2594455732917888,-0.4063713778868251
1.404,0.27013118094288374,-0.1993396941504785,-0.48568953700550643
1.408,0.2952326064652564,-0.19321687839340296,-0.5596568734208782
1.412,0.2862732382900342,-0.29486855858887717,-0.45082807701677086
1.416,0.2621329304248522,-0.23528199960242602,-0.3818864944616812
1.42,0.23956400871531366,-0.24464587760657364,-0.5428820349672623
1.424,0.22070986788840122,-0.1784356621275643,-0.5796186289668791
1.428,0.23214296956844235,-0.38520385219366654,-0.5118583844966479
1.432,0.22482190335459096,-0.27656250890930545,-0.42267909987761426
1.436,0.20371816882958874,-0.24239019403961037,-0.5633051969786743
1.44,0.23760253561084996,-0.25927380509702835,-0.49586071478455546
1.444,0.1992741022125328,-0.21091725033722608,-0.5142819457741764
1.448,0.1528768982834067,-0.33974993304307277,-0.555461991844051
1.452,0.09686590909728549,-0.3758630626416458,-0.47115086985684695
1.456,0.12913533017513532,-0.35590795392862296,-0.4532305975503941
1.46,0.09173647938190141,-0.46914221432401526,-0.5292695195276556
1.464,0.042508709926429175,-0.36839831933100325,-0.5145124418191076
1.468,0.018609825791195994,-0.3619568005455868,-0.4452522162944048
1.472,0.19580005901771236,-0.3108704266632641,-0.5312796854047127
1.476,0.14836114726806188,-0.37067478972833584,-0.4337377073194529
1.48,0.026371233300695344,-0.3431556874599111,-0.49519065122131317
1.484,0.007872995127948354,-0.37471219024254115,-0.5278507263547635
1.488,0.007565970681980217,-0.3685815437771048,-0.5522064389862172
1.492,-0.04874455053450656,-0.41178179574725493,-0.564994297391628
1.496,0.05105121173218086,-0.4665403531202474,-0.42238175157805335
1.5,-0.03754546855248755,-0.487860183522551,-0.43480390274702463
1.504,0.00483988606079366,-0.3988876637679411,-0.47118850455533895
1.508,-0.06144014738921451,-0.41907081483048825,-0.39280764117242595
1.512,0.06627433493636523,-0.4269919410148614,-0.45910427975156215
1.516,-0.053508664465865774,-0.3471923096343704,-0.41177970777064904
1.52,0.01615859338313229,-0.4898697128023482,-0.33994120882193435
1.524,-0.04215411553987662,-0.41994214344206643,-0.40821058325803833
1.528,-0.1290839694134006,-0.47001767492293317,-0.44557055823308933
1.532,-0.11381285073827409,-0.48970424877176966,-0.37004781584174795
1.536,0.002056730066561152,-0.37936177338975907,-0.4289554275012367
1.54,-0.23147633559427055,-0.5492726186724389,-0.40000032085792786
1.544,-0.06859494710327488,-0.3840580718466874,-0.4608821557756262
1.548,-0.06231955545434548,-0.4663099936038358,-0.4033661694298262
1.552,-0.18560520913273804,-0.46172824337306,-0.3914453820824226
1.556,-0.27278133866064314,-0.47320855566390757,-0.2788661746516845
1.56,-0.07289200559432782,-0.4371435860088022,-0.3152556622120849
1.564,-0.24393799326382282,-0.46040864842845003,-0.251610344082699
1.568,-0.23104444071935346,-0.527173494036032,-0.2576215176885948
1.572,-0.16218676020742256,-0.6043409921464366,-0.32204922544358
1.576,-0.2415632736717583,-0.47196023900882567,-0.3602289022831786
1.58,-0.17469377263429275,-0.4856047638671267,-0.34108614036645324
1.584,-0.32237509269445946,-0.5046168692012531,-0.2726946023188751
1.588,-0.15959621598030888,-0.46717069243624015,-0.3271795026529222
1.592,-0.27736410033395753,-0.5330298651739235,-0.22439118558045004
1.596,-0.3402199051346866,-0.5453592867630016,-0.23676073830394018
1.6,-0.269280719569745,-0.48968944231923645,-0.18210298806340183
1.604,-0.3132445798552358,-0.5306192181880466,-0.21013026799279094
1.608,-0.38273199334278274,-0.49394313779933946,-0.17096483902413437
1.612,-0.24649357492162088,-0.5560370945154777,-0.15263454953341593
1.616,-0.3026284421238398,-0.45564465470183646,-0.24625585048930035
1.62,-0.3477243388818318,-0.4760710120532477,-0.10936881629703246
1.624,-0.35530238901300654,-0.4398465851270483,-0.16761164730656064
1.628,-0.3061965036376221,-0.5157835418071508,-0.12296942145812681
1.632,-0.38079437530649873,-0.46355808878766785,-0.1425725446444602
1.636,-0.38353870700056725,-0.43962270818336835,-0.19879035882250698
1.64,-0.36854292855736337,-0.5066049785670487,0.04528783260660593
1.644,-0.351177110131941,-0.4717324488341815,-0.1608585468053101
1.648,-0.4030484257210362,-0.43592395948311524,-0.04105402784771238
1.652,-0.4554436414467915,-0.4539832250851169,-0.0893845746361969
1.656,-0.45275737819508166,-0.5785512007995872,-0.10220962008267881
1.66,-0.4019993522711098,-0.5063744127135512,-0.08446790349202503
1.664,-0.3338491363793253,-0.40665900323280246,0.010708537301883904
1.668,-0.5085636064506391,-0.4715444803333682,0.04309197149409919
1.672,-0.4903323651231488,-0.3884106297055072,0.034927108560625614
1.676,-0.42262504481262875,-0.47777254041199735,-0.030506759886437897
1.68,-0.4736967477275688,-0.48501295235517394,-0.0898324617081466
1.684,-0.3592159219073436,-0.3902915826897074,-0.13047405459304107
1.688,-0.4602104908919683,-0.467903091442022,-0.04217358624952367
1.692,-0.5336507652632017,-0.3236329123596163,0.04828854876883294
1.696,-0.5342766996347139,-0.38202894494256384,0.06929565643332625
1.7,-0.5126319293451512,-0.39429045014971714,0.09381000024602325
1.704,-0.42576079011271406,-0.35828901206879654,0.07498114958160769
1.708,-0.4539081232959515,-0.3279311457576452,0.09035557914166041
1.712,-0.4935118666729889,-0.32554441833058256,0.13144826470347176
1.716,-0.4682784297429466,-0.42154153321768795,0.1350210981865911
1.72,-0.622412045861833,-0.3980548603830737,0.06654830911120652
1.724,-0.6090384434155843,-0.40169213229604017,0.14311837472967867
1.728,-0.5392554819594122,-0.3688698741742086,0.22772054479760767
1.732,-0.5726518268149845,-0.29006967661526173,0.1380319826954023
1.736,-0.4828580764224818,-0.223297419738411,0.1978573989459324
1.74,-0.5749435289934395,-0.3045915757703805,0.20906417882803557
1.744,-0.5131839632175171,-0.24501036207915955,0.19498827093902965
1.748,-0.4835386146866903,-0.22045850620487215,0.22467627492440784
1.752,-0.4673454566865026,-0.22329923458409784,0.24155269530731707
1.756,-0.5878971388101184,-0.3069353760766993,0.19570291887779634
1.76,-0.5015490411269519,-0.21171831268315924,0.2303690425341882
1.764,-0.44061129147438255,-0.24175190265792654,0.21641912172400155
1.768,-0.42405946206693396,-0.23219873530550184,0.30111920299976386
1.772,-0.5147958306751466,-0.20346248804013106,0.2909437214510844
1.776,-0.40819027741858505,-0.2347147124175316,0.26445439280758026
1.78,-0.4929507954308959,-0.25949153290451915,0.3215435081658924
1.784,-0.5907494557723441,-0.15064820166840287,0.32844066033367636
1.788,-0.4201133041995712,-0.12430373567876452,0.27130805080871145
1.792,-0.5025498891256227,-0.17979340453589243,0.31936606684005164
1.796,-0.49782006015324537,-0.1315580343917074,0.2944464410461616
1.8,-0.48307792607867944,-0.09125366953116684,0.30016206688376584
1.804,-0.5544236695310016,-0.10856877450807537,0.301344630069808
1.808,-0.4174816645585369,-0.06668897872391959,0.3189854184533875
1.812,-0.5566921814956598,-0.09120932084172434,0.39179753260696204
1.816,-0.4877164084849339,-0.06585273422903777,0.3358805142975701
1.82,-0.47111976602104716,-0.05306851671358734,0.29250023289286725
1.824,-0.47100586164040037,-0.048895159175648094,0.44681051694867535
1.828,-0.4444666919959156,0.012823360156187888,0.4640188038364502
1.832,-0.4569121846923478,-0.06949856870420551,0.4163670490483239
1.836,-0.4292437395719356,-0.004861731441420873,0.38914983702331263
1.84,-0.4377572651595752,0.04513486436423646,0.43243687465715186
1.844,-0.47042401342205886,-0.0740821725701878,0.44900347780326844
1.848,-0.3931476394762566,0.04399008085887535,0.3803155631684996
1.852,-0.32108743045141647,0.03480072493074292,0.47745542246270756
1.856,-0.4241440684507314,0.0771714627204018,0.47904117649898487
1.86,-0.37802052249551044,0.036884727968468325,0.31717777162311067
1.864,-0.48857917010394697,0.07814139696318244,0.4332293677275856
1.868,-0.44064661420423773,0.02145309289919442,0.42269461460072333
1.872,-0.33787863499397763,0.10232974713189515,0.47267701498254805
1.876,-0.36410684459542975,0.10998940730305869,0.4683980239999765
1.88,-0.3913776896297585,0.16415724520687844,0.5119147522047496
1.884,-0.2167084077374116,0.0579335558219804,0.46614792641990976
1.888,-0.27131563665230474,0.08708657462814465,0.45788852474840697
1.892,-0.3064175033323928,0.18622271802505871,0.5580528794278087
1.896,-0.3173179732566682,0.10409479505349155,0.45536935897369113
1.9,-0.3632027780136509,0.16071516077456766,0.514609268194166
1.904,-0.3752601759398786,0.2535398418041511,0.4944275208807419
1.908,-0.1966702980229414,0.27305885929781926,0.5207296247369699
1.912,-0.34232539492760905,0.23705170493234617,0.5127912235554614
1.916,-0.2804457150188326,0.15182505042820382,0.4653519979260962
1.92,-0.25873448669004556,0.1596063931202284,0.4841841865658534
1.924,-0.23912032340486633,0.30607091947621673,0.5543902196671119
1.928,-0.16715138820178038,0.3314674725505796,0.48856440489616887
1.932,-0.1285151847317897,0.207666511686449,0.4960974289780781
1.936,-0.1973301138207718,0.1465896279306701,0.47469226781485613
1.94,-0.2532806991547561,0.3375920142458155,0.5210945388363623
1.944,-0.09176212067826263,0.3202086663958843,0.48403548230157467
1.948,-0.23861474770236005,0.3076921065204483,0.4698694908884087
1.952,-0.27039682734382386,0.2060908244054216,0.49427965004775914
1.956,-0.1737774306448805,0.28508881192222346,0.45618512993074634
1.96,-0.15219874750470827,0.32439223054207833,0.49663611343174635
1.964,-0.12852945205220104,0.2539642839772448,0.4563055488314097
1.968,-0.14002695038839036,0.35987179047362905,0.5190621135270936
1.972,-0.023944167510708658,0.26560707819037177,0.48984976057213425
1.976,-0.07426554349706001,0.35630444017106017,0.537081052786054
1.98,-0.06073159491942824,0.47121004620796264,0.5792485098469643
1.984,-0.05022228767096142,0.3754403938433265,0.5304729315422729
1.988,-0.051394231098043364,0.41062447118336154,0.4579201146861983
1.992,-0.12484661746635678,0.442349924764492,0.38730421577165564
1.996,-0.021376692617824926,0.4563621938096746,0.45351728669896885
